RSI,MACD,MACD_signal,SMA10,SMA20,Close,Target
,0.0,0.0,,,233.29,250
,-10.821082621082638,-2.1642165242165277,,,97.64,110
